title,url,buyout_price,current_price,postage,remaining_time,condition,platform,评价
《動作確認済・美品》ZOTAC NVIDIA GeForce RTX 5060Ti GDDR7 8GB,https://auctions.yahoo.co.jp/jp/auction/j1224876463,40000,40000,,3日,中古,Yahoo!オークション,🔥强烈推荐
【★中古品】　Gigabyte GeForce RTX 5060 Ti　D6071,https://auctions.yahoo.co.jp/jp/auction/k1224704546,120000,120000,0.0,6時間,中古,Yahoo!オークション,
【新品未開封】GeForce RTX 5060 Ti 16G VENTUS 2X OC PLUS,https://auctions.yahoo.co.jp/jp/auction/x1224607062,85000,85000,0.0,3日,未使用,未使用,
《動作確認済・美品》ZOTAC NVIDIA GeForce RTX 5060Ti GDDR7 8GB,https://auctions.yahoo.co.jp/jp/auction/j1224876463,40000,40000,,3日,中古,Yahoo!オークション,🔥强烈推荐
【★中古品】　Gigabyte GeForce RTX 5060 Ti　D6071,https://auctions.yahoo.co.jp/jp/auction/k1224704546,120000,120000,0.0,6時間,中古,Yahoo!オークション,
GALAKURO GeForce RTX 5060Ti 16GB 新品未使用、未開封,https://auctions.yahoo.co.jp/jp/auction/q1223189408,88000,88000,0.0,3日,未使用,未使用,
1円【一般中古】MSI エムエスアイ/グラフィックボード GeForce RTX5060 Ti 8G SHADOW 2X OC PLUS/65,https://auctions.yahoo.co.jp/jp/auction/t1224612056,49501,49501,900.0,3日,中古,Yahoo!オークション,
玄人志向 NVIDIA GeForce RTX 5060 Ti 搭載 グラフィックボード 8GB OCモデル デュアルファン GG-RTX5060Ti-E8GB/OC/DF 2025/12~3年保証有,https://auctions.yahoo.co.jp/jp/auction/w1218587418,67240,67240,1.0,5時間,中古,Yahoo!オークション,
新品RTX5060Ti-16GB史上最強マシン★生成AI/VR/ゲーム開発/動画編集/deeplearning★core i9超スケーラブルxeon80CPU/NVMeSSD2TB/即決128GB,https://auctions.yahoo.co.jp/jp/auction/n1216383731,298000,298000,,2日,中古,Yahoo!オークション,
新品未開封 ASUS DUAL RTX5060TI-16G WHITE Edition GeForce RTX 5060 Ti 16GB 送料無料 即発送,https://auctions.yahoo.co.jp/jp/auction/j1222194355,102000,102000,0.0,4日,未使用,未使用,
玄人志向 NVIDIA GeForce RTX 5060 Ti 搭載 グラフィックボード 8GB OCモデル デュアルファン,https://auctions.yahoo.co.jp/jp/auction/u1224609549,70000,70000,980.0,1日,中古,Yahoo!オークション,
【新品】MSI GeForce RTX 3060 VENTUS 2X 12G OC 12GB 2スロット 8ピン×1 GPU グラボ グラフィックカード ゲーム RTX 5060Ti 4070 Ti,https://auctions.yahoo.co.jp/jp/auction/j1216228608,55000,55000,,7時間,未使用,未使用,
【正規代理店入荷】玄人志向 GG-RTX5060Ti-E8GB/OC/DF NVIDIA GeForce RTX 5060 Ti グラフィックスカード 8GB GDDR7,https://auctions.yahoo.co.jp/jp/auction/c1197487563,83980,83980,0.0,4日,未使用,未使用,
